{"train_acc": [37320, 41512, 42757, 43773, 43940, 44352, 44274, 44198, 44541, 44761, 44594, 44930, 44616, 44872, 44939, 45181, 45103, 45297, 45106, 45267, 45427, 45265, 45235, 45247, 45405, 45472, 45606, 45388, 45581, 45485], "train_cost": [2.2063748528228624, 1.7334890348318994, 1.4380206101995696, 1.2578848366065065, 1.1315665845253866, 1.044745630372355, 1.0035319247458727, 0.9670560399445202, 0.8966613361039004, 0.8477498350384605, 0.849668819166379, 0.7945809620041631, 0.828595697689902, 0.7848686390587577, 0.7586056307010139, 0.7332080280760964, 0.7386669313300648, 0.7138277087181227, 0.7078511448228626, 0.7006175816857609, 0.6854441372443277, 0.6949146584929026, 0.7153857811434637, 0.67864125306218, 0.6676612809783126, 0.6553733109798594, 0.6321122190226738, 0.6500882394442046, 0.6265592569478555, 0.642816811130066], "eval_acc": [7680, 8494, 8699, 8884, 8883, 8956, 8940, 8915, 9031, 9044, 8976, 9057, 9009, 9011, 9037, 9119, 9067, 9097, 9090, 9068, 9102, 9086, 9094, 9112, 9134, 9171, 9163, 9122, 9136, 9134], "eval_cost": [2.196431194751517, 1.7125760317074126, 1.421195714603911, 1.2389923779765255, 1.1127311873245407, 1.0296290705320366, 0.9900202772471101, 0.9553686880255541, 0.8799169413355332, 0.8391638682861988, 0.8410713703210673, 0.7898360151197041, 0.8243930010093627, 0.7874183528236334, 0.7533767809495034, 0.7410945245604138, 0.738733940498024, 0.7227090491763483, 0.7197690693432914, 0.7171046057276697, 0.7020269343992726, 0.7134996327711338, 0.7297830698475032, 0.6914007114283406, 0.6889516200127987, 0.6700820709577451, 0.6629350318917678, 0.6751169490102384, 0.6582792253670284, 0.6674750452418777]}